raw_hand_source_stamp,raw_hand_frame,raw_hand_valid,raw_hand_x,raw_hand_y,raw_hand_z,raw_hand_qx,raw_hand_qy,raw_hand_qz,raw_hand_qw,confidence_x,confidence_y,confidence_z,confidence_roll,confidence_pitch,confidence_yaw,gesture,gesture_confidence,invalid_reason,source_index,intent_label,primary_axis,cue_stage_index,cue_sweep_subphase,cue_direction_sign
1.000000000,camera_color_optical_frame,1,-0.010668845866,0.050414450147,0.996000047307,0.545480200115,-0.601969558320,0.299313967913,0.500494905819,0.962172648,0.962172648,0.962172648,0.853468255,0.853468255,0.853468255,0,0.0,,0,ROTATION,RY,,,
1.166684866,camera_color_optical_frame,1,-0.010668845866,0.050414450147,0.996000047307,0.545480200115,-0.601969558320,0.299313967913,0.500494905819,0.894835681,0.894835681,0.894835681,0.855273598,0.855273598,0.855273598,0,0.0,,5,ROTATION,RY,,,
1.333555937,camera_color_optical_frame,1,-0.010668845866,0.050414450147,0.996000047307,0.545480200115,-0.601969558320,0.299313967913,0.500494905819,0.974836906,0.974836906,0.974836906,0.853956426,0.853956426,0.853956426,0,0.0,,10,ROTATION,RY,,,
1.500483036,camera_color_optical_frame,1,-0.010668845866,0.050414450147,0.996000047307,0.545480200115,-0.601969558320,0.299313967913,0.500494905819,0.996254682,0.996254682,0.996254682,0.854205256,0.854205256,0.854205256,0,0.0,,15,ROTATION,RY,,,
1.667420149,camera_color_optical_frame,1,-0.010668845866,0.050414450147,0.996000047307,0.545480200115,-0.601969558320,0.299313967913,0.500494905819,0.954633205,0.954633205,0.954633205,0.853991322,0.853991322,0.853991322,0,0.0,,20,ROTATION,RY,,,
1.834367514,camera_color_optical_frame,1,-0.010668845866,0.050414450147,0.996000047307,0.545480200115,-0.601969558320,0.299313967913,0.500494905819,1.000000000,1.000000000,1.000000000,0.854277775,0.854277775,0.854277775,0,0.0,,25,ROTATION,RY,,,
2.001324892,camera_color_optical_frame,1,-0.010668845866,0.050414450147,0.996000047307,0.545480200115,-0.601969558320,0.299313967913,0.500494905819,0.994088670,0.994088670,0.994088670,0.853086681,0.853086681,0.853086681,0,0.0,,30,ROTATION,RY,,,
2.168292522,camera_color_optical_frame,1,-0.010668845866,0.050414450147,0.996000047307,0.545480200115,-0.601969558320,0.299313967913,0.500494905819,1.000000000,1.000000000,1.000000000,0.853149950,0.853149950,0.853149950,0,0.0,,35,ROTATION,RY,,,
2.335078478,camera_color_optical_frame,1,-0.010668845866,0.050414450147,0.996000047307,0.545480200115,-0.601969558320,0.299313967913,0.500494905819,1.000000000,1.000000000,1.000000000,0.852680463,0.852680463,0.852680463,0,0.0,,40,ROTATION,RY,,,
2.501816034,camera_color_optical_frame,1,-0.010668845866,0.050414450147,0.996000047307,0.545480200115,-0.601969558320,0.299313967913,0.500494905819,1.000000000,1.000000000,1.000000000,0.854437766,0.854437766,0.854437766,0,0.0,,45,ROTATION,RY,,,
2.668551445,camera_color_optical_frame,1,-0.010668845866,0.050414450147,0.996000047307,0.545480200115,-0.601969558320,0.299313967913,0.500494905819,1.000000000,1.000000000,1.000000000,0.854632308,0.854632308,0.854632308,0,0.0,,50,ROTATION,RY,,,
2.835284710,camera_color_optical_frame,1,-0.010668845866,0.050414450147,0.996000047307,0.545480200115,-0.601969558320,0.299313967913,0.500494905819,1.000000000,1.000000000,1.000000000,0.854427967,0.854427967,0.854427967,0,0.0,,55,ROTATION,RY,,,
3.002015829,camera_color_optical_frame,1,-0.010668845866,0.050414450147,0.996000047307,0.545480200115,-0.601969558320,0.299313967913,0.500494905819,0.987642586,0.987642586,0.987642586,0.852457344,0.852457344,0.852457344,0,0.0,,60,ROTATION,RY,,,
3.168744802,camera_color_optical_frame,1,-0.010668845866,0.050414450147,0.996000047307,0.545480200115,-0.601969558320,0.299313967913,0.500494905819,0.993371212,0.993371212,0.993371212,0.854152650,0.854152650,0.854152650,0,0.0,,65,ROTATION,RY,,,
3.335783243,camera_color_optical_frame,1,-0.010668845866,0.050414450147,0.996000047307,0.545480200115,-0.601969558320,0.299313967913,0.500494905819,1.000000000,1.000000000,1.000000000,0.853570326,0.853570326,0.853570326,0,0.0,,70,ROTATION,RY,,,
3.502907515,camera_color_optical_frame,1,-0.010668845866,0.050414450147,0.996000047307,0.545480200115,-0.601969558320,0.299313967913,0.500494905819,0.989289192,0.989289192,0.989289192,0.853818551,0.853818551,0.853818551,0,0.0,,75,ROTATION,RY,,,
3.670041561,camera_color_optical_frame,1,-0.010668845866,0.050414450147,0.996000047307,0.545480200115,-0.601969558320,0.299313967913,0.500494905819,1.000000000,1.000000000,1.000000000,0.854430854,0.854430854,0.854430854,0,0.0,,80,ROTATION,RY,,,
3.837185383,camera_color_optical_frame,1,-0.010668845866,0.050414450147,0.996000047307,0.545480200115,-0.601969558320,0.299313967913,0.500494905819,0.990243902,0.990243902,0.990243902,0.854720438,0.854720438,0.854720438,0,0.0,,85,ROTATION,RY,,,
4.004338741,camera_color_optical_frame,1,-0.010668845866,0.050414450147,0.996000047307,0.545480200115,-0.601969558320,0.299313967913,0.500494905819,0.934740883,0.934740883,0.934740883,0.851589229,0.851589229,0.851589229,0,0.0,,90,ROTATION,RY,,,
4.171501875,camera_color_optical_frame,1,-0.010668845866,0.050414450147,0.996000047307,0.545480200115,-0.601969558320,0.299313967913,0.500494905819,1.000000000,1.000000000,1.000000000,0.854127442,0.854127442,0.854127442,0,0.0,,95,ROTATION,RY,,,
4.338296413,camera_color_optical_frame,1,-0.010668845866,0.050414450147,0.996000047307,0.545480200115,-0.601969558320,0.299313967913,0.500494905819,0.991428571,0.991428571,0.991428571,0.854905400,0.854905400,0.854905400,0,0.0,,100,ROTATION,RY,,,
4.504996061,camera_color_optical_frame,1,-0.010668845866,0.050414450147,0.996000047307,0.545480200115,-0.601969558320,0.299313967913,0.500494905819,1.000000000,1.000000000,1.000000000,0.854559228,0.854559228,0.854559228,0,0.0,,105,ROTATION,RY,,,
4.671691895,camera_color_optical_frame,1,-0.010668845866,0.050414450147,0.996000047307,0.545480200115,-0.601969558320,0.299313967913,0.500494905819,1.000000000,1.000000000,1.000000000,0.854606911,0.854606911,0.854606911,0,0.0,,110,ROTATION,RY,,,
4.838383913,camera_color_optical_frame,1,-0.010668845866,0.050414450147,0.996000047307,0.545480200115,-0.601969558320,0.299313967913,0.500494905819,1.000000000,1.000000000,1.000000000,0.856190536,0.856190536,0.856190536,0,0.0,,115,ROTATION,RY,,,
5.005072117,camera_color_optical_frame,1,-0.010668845866,0.050414450147,0.996000047307,0.545480200115,-0.601969558320,0.299313967913,0.500494905819,1.000000000,1.000000000,1.000000000,0.853845125,0.853845125,0.853845125,0,0.0,,120,ROTATION,RY,,,
5.171756268,camera_color_optical_frame,1,-0.010668845866,0.050414450147,0.996000047307,0.545480200115,-0.601969558320,0.299313967913,0.500494905819,1.000000000,1.000000000,1.000000000,0.853864189,0.853864189,0.853864189,0,0.0,,125,ROTATION,RY,,,
5.338456154,camera_color_optical_frame,1,-0.010668845866,0.050414450147,0.996000047307,0.545480200115,-0.601969558320,0.299313967913,0.500494905819,0.944756554,0.944756554,0.944756554,0.854602444,0.854602444,0.854602444,0,0.0,,130,ROTATION,RY,,,
5.505156040,camera_color_optical_frame,1,-0.010668845866,0.050414450147,0.996000047307,0.545480200115,-0.601969558320,0.299313967913,0.500494905819,0.993377483,0.993377483,0.993377483,0.854239325,0.854239325,0.854239325,0,0.0,,135,ROTATION,RY,,,
5.671852350,camera_color_optical_frame,1,-0.010668845866,0.050414450147,0.996000047307,0.545480200115,-0.601969558320,0.299313967913,0.500494905819,1.000000000,1.000000000,1.000000000,0.854353730,0.854353730,0.854353730,0,0.0,,140,ROTATION,RY,,,
5.838544607,camera_color_optical_frame,1,-0.010668845866,0.050414450147,0.996000047307,0.545480200115,-0.601969558320,0.299313967913,0.500494905819,0.990808824,0.990808824,0.990808824,0.855233322,0.855233322,0.855233322,0,0.0,,145,ROTATION,RY,,,
6.005233526,camera_color_optical_frame,1,-0.010668845866,0.050414450147,0.996000047307,0.545480200115,-0.601969558320,0.299313967913,0.500494905819,1.000000000,1.000000000,1.000000000,0.853860205,0.853860205,0.853860205,0,0.0,,150,ROTATION,RY,0,OUTBOUND,-1
6.171918154,camera_color_optical_frame,1,-0.010668845866,0.050414450147,0.996000047307,0.545480200115,-0.601969558320,0.299313967913,0.500494905819,1.000000000,1.000000000,1.000000000,0.853176509,0.853176509,0.853176509,0,0.0,,155,ROTATION,RY,0,OUTBOUND,-1
6.338618279,camera_color_optical_frame,1,-0.010668845866,0.050414450147,0.996000047307,0.545480200115,-0.601969558320,0.299313967913,0.500494905819,0.981660232,0.981660232,0.981660232,0.854700353,0.854700353,0.854700353,0,0.0,,160,ROTATION,RY,0,OUTBOUND,-1
6.505318403,camera_color_optical_frame,1,-0.010668845866,0.050414450147,0.996000047307,0.545480200115,-0.601969558320,0.299313967913,0.500494905819,1.000000000,1.000000000,1.000000000,0.853338238,0.853338238,0.853338238,0,0.0,,165,ROTATION,RY,0,OUTBOUND,-1
6.672014713,camera_color_optical_frame,1,-0.010668845866,0.050414450147,0.996000047307,0.545480200115,-0.601969558320,0.299313967913,0.500494905819,1.000000000,1.000000000,1.000000000,0.854246139,0.854246139,0.854246139,0,0.0,,170,ROTATION,RY,0,OUTBOUND,-1
6.838706970,camera_color_optical_frame,1,-0.010668845866,0.050414450147,0.996000047307,0.545480200115,-0.601969558320,0.299313967913,0.500494905819,0.969725639,0.969725639,0.969725639,0.853922291,0.853922291,0.853922291,0,0.0,,175,ROTATION,RY,0,OUTBOUND,-1
7.005395889,camera_color_optical_frame,1,-0.010668845866,0.050414450147,0.996000047307,0.545480200115,-0.601969558320,0.299313967913,0.500494905819,1.000000000,1.000000000,1.000000000,0.855396880,0.855396880,0.855396880,0,0.0,,180,ROTATION,RY,0,OUTBOUND,-1
7.172080517,camera_color_optical_frame,1,-0.010668845866,0.050414450147,0.996000047307,0.545480200115,-0.601969558320,0.299313967913,0.500494905819,1.000000000,1.000000000,1.000000000,0.853934882,0.853934882,0.853934882,0,0.0,,185,ROTATION,RY,0,OUTBOUND,-1
7.338780642,camera_color_optical_frame,1,-0.010668845866,0.050414450147,0.996000047307,0.545480200115,-0.601969558320,0.299313967913,0.500494905819,1.000000000,1.000000000,1.000000000,0.853304020,0.853304020,0.853304020,0,0.0,,190,ROTATION,RY,0,OUTBOUND,-1
7.505480766,camera_color_optical_frame,1,-0.010668845866,0.050414450147,0.996000047307,0.545480200115,-0.601969558320,0.299313967913,0.500494905819,1.000000000,1.000000000,1.000000000,0.852679504,0.852679504,0.852679504,0,0.0,,195,ROTATION,RY,0,OUTBOUND,-1
7.672177315,camera_color_optical_frame,1,-0.010668845866,0.050414450147,0.996000047307,0.545570963199,-0.602121341185,0.299148498608,0.500312292858,1.000000000,1.000000000,1.000000000,0.851708081,0.851708081,0.851708081,0,0.0,,200,ROTATION,RY,0,OUTBOUND,-1
7.838869810,camera_color_optical_frame,1,-0.010668845866,0.050414450147,0.996000047307,0.545838388816,-0.602568722598,0.298660264180,0.499773383086,0.982845610,0.982845610,0.982845610,0.850602186,0.850602186,0.850602186,0,0.0,,205,ROTATION,RY,0,OUTBOUND,-1
8.005558968,camera_color_optical_frame,1,-0.010671433689,0.050424193480,0.995974872090,0.546091062257,-0.602991653767,0.298198007753,0.499263022246,0.961418144,0.961418144,0.961418144,0.851299745,0.851299745,0.851299745,0,0.0,,210,ROTATION,RY,0,OUTBOUND,-1
8.172243834,camera_color_optical_frame,1,-0.010672324611,0.050427578777,0.995966167311,0.546291355362,-0.603327068172,0.297830917069,0.498857643728,0.856710394,0.856710394,0.856710394,0.850872222,0.850872222,0.850872222,0,0.0,,215,ROTATION,RY,0,OUTBOUND,-1
8.338943958,camera_color_optical_frame,1,-0.010672324611,0.050427578777,0.995966167311,0.546379430929,-0.603474605680,0.297669309071,0.498679155564,0.996749729,0.996749729,0.996749729,0.851104188,0.851104188,0.851104188,0,0.0,,220,ROTATION,RY,0,OUTBOUND,-1
8.505644083,camera_color_optical_frame,1,-0.010672324611,0.050427578777,0.995966167311,0.546627088999,-0.603889610156,0.297214275697,0.498176513538,0.954298150,0.954298150,0.954298150,0.849378967,0.849378967,0.849378967,0,0.0,,225,ROTATION,RY,0,OUTBOUND,-1
8.672340393,camera_color_optical_frame,1,-0.010672324611,0.050427578777,0.995966167311,0.546647895850,-0.603924486382,0.297176005202,0.498134233558,0.986257928,0.986257928,0.986257928,0.849502037,0.849502037,0.849502037,0,0.0,,230,ROTATION,RY,0,OUTBOUND,-1
8.839032888,camera_color_optical_frame,1,-0.010672324611,0.050427578777,0.995966167311,0.546647895850,-0.603924486382,0.297176005202,0.498134233558,0.969262295,0.969262295,0.969262295,0.852655234,0.852655234,0.852655234,0,0.0,,235,ROTATION,RY,0,OUTBOUND,-1
9.005722046,camera_color_optical_frame,1,-0.010672324611,0.050427578777,0.995966167311,0.546647895850,-0.603924486382,0.297176005202,0.498134233558,0.967839196,0.967839196,0.967839196,0.852801481,0.852801481,0.852801481,0,0.0,,240,ROTATION,RY,0,OUTBOUND,-1
9.172406912,camera_color_optical_frame,1,-0.010672324611,0.050427578777,0.995966167311,0.546647895850,-0.603924486382,0.297176005202,0.498134233558,1.000000000,1.000000000,1.000000000,0.848838030,0.848838030,0.848838030,0,0.0,,245,ROTATION,RY,0,OUTBOUND,-1
9.339106321,camera_color_optical_frame,1,-0.010672324611,0.050427578777,0.995966167311,0.546645606329,-0.603926558756,0.297177893659,0.498133106941,1.000000000,1.000000000,1.000000000,0.851519339,0.851519339,0.851519339,0,0.0,,250,ROTATION,RY,0,OUTBOUND,-1
9.505805492,camera_color_optical_frame,1,-0.010672324611,0.050427578777,0.995966167311,0.546637387095,-0.603933998313,0.297184673011,0.498129062431,0.996798292,0.996798292,0.996798292,0.852460355,0.852460355,0.852460355,0,0.0,,255,ROTATION,RY,0,OUTBOUND,-1
9.672501087,camera_color_optical_frame,1,-0.010672324611,0.050427578777,0.995966167311,0.546637387095,-0.603933998313,0.297184673011,0.498129062431,0.969040248,0.969040248,0.969040248,0.852947801,0.852947801,0.852947801,0,0.0,,260,ROTATION,RY,0,OUTBOUND,-1
9.839192629,camera_color_optical_frame,1,-0.010672324611,0.050427578777,0.995966167311,0.546637387095,-0.603933998313,0.297184673011,0.498129062431,0.968487395,0.968487395,0.968487395,0.852024438,0.852024438,0.852024438,0,0.0,,265,ROTATION,RY,0,OUTBOUND,-1
10.005880594,camera_color_optical_frame,1,-0.010672324611,0.050427578777,0.995966167311,0.546637387095,-0.603933998313,0.297184673011,0.498129062431,0.962922574,0.962922574,0.962922574,0.851716215,0.851716215,0.851716215,0,0.0,,270,ROTATION,RY,0,OUTBOUND,-1
10.172564507,camera_color_optical_frame,1,-0.010672324611,0.050427578777,0.995966167311,0.546637387095,-0.603933998313,0.297184673011,0.498129062431,0.978586724,0.978586724,0.978586724,0.851194489,0.851194489,0.851194489,0,0.0,,275,ROTATION,RY,0,OUTBOUND,-1
10.339321375,camera_color_optical_frame,1,-0.010672324611,0.050427578777,0.995966167311,0.546637387095,-0.603933998313,0.297184673011,0.498129062431,0.996805112,0.996805112,0.996805112,0.852265142,0.852265142,0.852265142,0,0.0,,280,ROTATION,RY,0,OUTBOUND,-1
10.506096601,camera_color_optical_frame,1,-0.010672324611,0.050427578777,0.995966167311,0.546637387095,-0.603933998313,0.297184673011,0.498129062431,0.975814932,0.975814932,0.975814932,0.852946969,0.852946969,0.852946969,0,0.0,,285,ROTATION,RY,0,OUTBOUND,-1
10.672873259,camera_color_optical_frame,1,-0.010672324611,0.050427578777,0.995966167311,0.546637387095,-0.603933998313,0.297184673011,0.498129062431,0.996881497,0.996881497,0.996881497,0.852054573,0.852054573,0.852054573,0,0.0,,290,ROTATION,RY,0,OUTBOUND,-1
10.839650631,camera_color_optical_frame,1,-0.010672324611,0.050427578777,0.995966167311,0.546637387095,-0.603933998313,0.297184673011,0.498129062431,1.000000000,1.000000000,1.000000000,0.853794767,0.853794767,0.853794767,0,0.0,,295,ROTATION,RY,0,OUTBOUND,-1
11.006428719,camera_color_optical_frame,1,-0.010672324611,0.050427578777,0.995966167311,0.546637387095,-0.603933998313,0.297184673011,0.498129062431,0.848825332,0.848825332,0.848825332,0.853343274,0.853343274,0.853343274,0,0.0,,300,ROTATION,RY,0,RETURN,-1
11.173207760,camera_color_optical_frame,1,-0.010672324611,0.050427578777,0.995966167311,0.546637387095,-0.603933998313,0.297184673011,0.498129062431,0.995666306,0.995666306,0.995666306,0.851716368,0.851716368,0.851716368,0,0.0,,305,ROTATION,RY,0,RETURN,-1
11.339936972,camera_color_optical_frame,1,-0.010672324611,0.050427578777,0.995966167311,0.546637387095,-0.603933998313,0.297184673011,0.498129062431,0.974440895,0.974440895,0.974440895,0.852933015,0.852933015,0.852933015,0,0.0,,310,ROTATION,RY,0,RETURN,-1
11.506650925,camera_color_optical_frame,1,-0.010672324611,0.050427578777,0.995966167311,0.546637387095,-0.603933998313,0.297184673011,0.498129062431,0.996878252,0.996878252,0.996878252,0.852543369,0.852543369,0.852543369,0,0.0,,315,ROTATION,RY,0,RETURN,-1
11.673361301,camera_color_optical_frame,1,-0.010672324611,0.050427578777,0.995966167311,0.546637387095,-0.603933998313,0.297184673011,0.498129062431,0.945205479,0.945205479,0.945205479,0.852447249,0.852447249,0.852447249,0,0.0,,320,ROTATION,RY,0,RETURN,-1
11.840068817,camera_color_optical_frame,1,-0.010672324611,0.050427578777,0.995966167311,0.546445016931,-0.603611620492,0.297538243448,0.498519657349,0.920570265,0.920570265,0.920570265,0.850075991,0.850075991,0.850075991,0,0.0,,325,ROTATION,RY,0,RETURN,-1
12.006773233,camera_color_optical_frame,1,-0.010672324611,0.050427578777,0.995966167311,0.545647134303,-0.602275899477,0.298998942589,0.500132560494,1.000000000,1.000000000,1.000000000,0.849692444,0.849692444,0.849692444,0,0.0,,330,ROTATION,RY,0,RETURN,-1
12.173474073,camera_color_optical_frame,1,-0.010672324611,0.050427578777,0.995966167311,0.543718731206,-0.599056660192,0.302491494392,0.503984082126,1.000000000,1.000000000,1.000000000,0.851234177,0.851234177,0.851234177,0,0.0,,335,ROTATION,RY,0,RETURN,-1
12.340186834,camera_color_optical_frame,1,-0.010672324611,0.050427578777,0.995966167311,0.543714479059,-0.599049575680,0.302499137361,0.503992502955,1.000000000,1.000000000,1.000000000,0.850231280,0.850231280,0.850231280,0,0.0,,340,ROTATION,RY,0,RETURN,-1
12.506899595,camera_color_optical_frame,1,-0.010672324611,0.050427578777,0.995966167311,0.543522918597,-0.598730479076,0.302843193423,0.504371540219,1.000000000,1.000000000,1.000000000,0.853212667,0.853212667,0.853212667,0,0.0,,345,ROTATION,RY,0,RETURN,-1
12.673609257,camera_color_optical_frame,1,-0.010672324611,0.050427578777,0.995966167311,0.543522918597,-0.598730479076,0.302843193423,0.504371540219,1.000000000,1.000000000,1.000000000,0.850569428,0.850569428,0.850569428,0,0.0,,350,ROTATION,RY,0,RETURN,-1
12.840315104,camera_color_optical_frame,1,-0.010672324611,0.050427578777,0.995966167311,0.543522918597,-0.598730479076,0.302843193423,0.504371540219,0.992667278,0.992667278,0.992667278,0.851560872,0.851560872,0.851560872,0,0.0,,355,ROTATION,RY,0,RETURN,-1
13.007018328,camera_color_optical_frame,1,-0.010672324611,0.050427578777,0.995966167311,0.543522918597,-0.598730479076,0.302843193423,0.504371540219,1.000000000,1.000000000,1.000000000,0.852451502,0.852451502,0.852451502,0,0.0,,360,ROTATION,RY,0,RETURN,-1
13.173717976,camera_color_optical_frame,1,-0.010672324611,0.050427578777,0.995966167311,0.543522918597,-0.598730479076,0.302843193423,0.504371540219,1.000000000,1.000000000,1.000000000,0.852225012,0.852225012,0.852225012,0,0.0,,365,ROTATION,RY,0,RETURN,-1
13.340743303,camera_color_optical_frame,1,-0.010672324611,0.050427578777,0.995966167311,0.543522918597,-0.598730479076,0.302843193423,0.504371540219,0.932219127,0.932219127,0.932219127,0.851810826,0.851810826,0.851810826,0,0.0,,370,ROTATION,RY,0,RETURN,-1
13.507858515,camera_color_optical_frame,1,-0.010672324611,0.050427578777,0.995966167311,0.543522918597,-0.598730479076,0.302843193423,0.504371540219,1.000000000,1.000000000,1.000000000,0.851515682,0.851515682,0.851515682,0,0.0,,375,ROTATION,RY,0,RETURN,-1
13.674982786,camera_color_optical_frame,1,-0.010672324611,0.050427578777,0.995966167311,0.543522918597,-0.598730479076,0.302843193423,0.504371540219,1.000000000,1.000000000,1.000000000,0.852264399,0.852264399,0.852264399,0,0.0,,380,ROTATION,RY,0,RETURN,-1
13.842116117,camera_color_optical_frame,1,-0.010672324611,0.050427578777,0.995966167311,0.543522918597,-0.598730479076,0.302843193423,0.504371540219,0.981078524,0.981078524,0.981078524,0.852703319,0.852703319,0.852703319,0,0.0,,385,ROTATION,RY,0,RETURN,-1
14.009258747,camera_color_optical_frame,1,-0.010672324611,0.050427578777,0.995966167311,0.543522918597,-0.598730479076,0.302843193423,0.504371540219,0.987619048,0.987619048,0.987619048,0.851395575,0.851395575,0.851395575,0,0.0,,390,ROTATION,RY,0,RETURN,-1
14.176410913,camera_color_optical_frame,1,-0.010672324611,0.050427578777,0.995966167311,0.543522918597,-0.598730479076,0.302843193423,0.504371540219,1.000000000,1.000000000,1.000000000,0.853095655,0.853095655,0.853095655,0,0.0,,395,ROTATION,RY,0,RETURN,-1
14.343353987,camera_color_optical_frame,1,-0.010672324611,0.050427578777,0.995966167311,0.543522918597,-0.598730479076,0.302843193423,0.504371540219,0.949720670,0.949720670,0.949720670,0.853357154,0.853357154,0.853357154,0,0.0,,400,ROTATION,RY,0,RETURN,-1
14.510253906,camera_color_optical_frame,1,-0.010672324611,0.050427578777,0.995966167311,0.543522918597,-0.598730479076,0.302843193423,0.504371540219,1.000000000,1.000000000,1.000000000,0.853773333,0.853773333,0.853773333,0,0.0,,405,ROTATION,RY,0,RETURN,-1
14.677163124,camera_color_optical_frame,1,-0.010669473509,0.050417694316,0.995992875594,0.543522918597,-0.598730479076,0.302843193423,0.504371540219,1.000000000,1.000000000,1.000000000,0.853229689,0.853229689,0.853229689,0,0.0,,410,ROTATION,RY,0,RETURN,-1
14.844081163,camera_color_optical_frame,1,-0.010666988462,0.050409078931,0.996016154773,0.543522918597,-0.598730479076,0.302843193423,0.504371540219,1.000000000,1.000000000,1.000000000,0.853867037,0.853867037,0.853867037,0,0.0,,415,ROTATION,RY,0,RETURN,-1
15.011008024,camera_color_optical_frame,1,-0.010666988462,0.050409078931,0.996016154773,0.543522918597,-0.598730479076,0.302843193423,0.504371540219,0.957073171,0.957073171,0.957073171,0.853539504,0.853539504,0.853539504,0,0.0,,420,ROTATION,RY,0,RETURN,-1
15.177944183,camera_color_optical_frame,1,-0.010666988462,0.050409078931,0.996016154773,0.543522918597,-0.598730479076,0.302843193423,0.504371540219,0.935885167,0.935885167,0.935885167,0.852392617,0.852392617,0.852392617,0,0.0,,425,ROTATION,RY,0,RETURN,-1
15.344704628,camera_color_optical_frame,1,-0.010666988462,0.050409078931,0.996016154773,0.543522918597,-0.598730479076,0.302843193423,0.504371540219,1.000000000,1.000000000,1.000000000,0.853366017,0.853366017,0.853366017,0,0.0,,430,ROTATION,RY,0,RETURN,-1
15.511417627,camera_color_optical_frame,1,-0.010666988462,0.050409078931,0.996016154773,0.543522918597,-0.598730479076,0.302843193423,0.504371540219,1.000000000,1.000000000,1.000000000,0.854675271,0.854675271,0.854675271,0,0.0,,435,ROTATION,RY,0,RETURN,-1
15.678127766,camera_color_optical_frame,1,-0.010666988462,0.050409078931,0.996016154773,0.543522918597,-0.598730479076,0.302843193423,0.504371540219,0.980000000,0.980000000,0.980000000,0.853919305,0.853919305,0.853919305,0,0.0,,440,ROTATION,RY,0,RETURN,-1
15.844834328,camera_color_optical_frame,1,-0.010666988462,0.050409078931,0.996016154773,0.543522918597,-0.598730479076,0.302843193423,0.504371540219,1.000000000,1.000000000,1.000000000,0.852516026,0.852516026,0.852516026,0,0.0,,445,ROTATION,RY,0,RETURN,-1
16.011537552,camera_color_optical_frame,1,-0.010666988462,0.050409078931,0.996016154773,0.543522918597,-0.598730479076,0.302843193423,0.504371540219,1.000000000,1.000000000,1.000000000,0.853304970,0.853304970,0.853304970,0,0.0,,450,ROTATION,RY,0,NEUTRAL,-1
16.178237915,camera_color_optical_frame,1,-0.010666988462,0.050409078931,0.996016154773,0.543522918597,-0.598730479076,0.302843193423,0.504371540219,1.000000000,1.000000000,1.000000000,0.853129497,0.853129497,0.853129497,0,0.0,,455,ROTATION,RY,0,NEUTRAL,-1
16.345256567,camera_color_optical_frame,1,-0.010666988462,0.050409078931,0.996016154773,0.543522918597,-0.598730479076,0.302843193423,0.504371540219,0.933461909,0.933461909,0.933461909,0.852787843,0.852787843,0.852787843,0,0.0,,460,ROTATION,RY,0,NEUTRAL,-1
16.512362719,camera_color_optical_frame,1,-0.010666988462,0.050409078931,0.996016154773,0.543522918597,-0.598730479076,0.302843193423,0.504371540219,0.999035680,0.999035680,0.999035680,0.853714095,0.853714095,0.853714095,0,0.0,,465,ROTATION,RY,0,NEUTRAL,-1
16.679478407,camera_color_optical_frame,1,-0.010666988462,0.050409078931,0.996016154773,0.543522918597,-0.598730479076,0.302843193423,0.504371540219,0.976459510,0.976459510,0.976459510,0.853838795,0.853838795,0.853838795,0,0.0,,470,ROTATION,RY,0,NEUTRAL,-1
16.846602201,camera_color_optical_frame,1,-0.010666988462,0.050409078931,0.996016154773,0.543522918597,-0.598730479076,0.302843193423,0.504371540219,1.000000000,1.000000000,1.000000000,0.853685049,0.853685049,0.853685049,0,0.0,,475,ROTATION,RY,0,NEUTRAL,-1
