raw_hand_source_stamp,raw_hand_frame,raw_hand_valid,raw_hand_x,raw_hand_y,raw_hand_z,raw_hand_qx,raw_hand_qy,raw_hand_qz,raw_hand_qw,confidence_x,confidence_y,confidence_z,confidence_roll,confidence_pitch,confidence_yaw,gesture,gesture_confidence,invalid_reason,source_index,intent_label,primary_axis,cue_stage_index,cue_sweep_subphase,cue_direction_sign,m2_candidate_state,m2_candidate_translation_energy,m2_candidate_rotation_energy,m2_candidate_translation_rotation_ratio,m2_candidate_rotation_translation_ratio,m2_candidate_window_full,m2_candidate_reference_required
1.000000000,camera_color_optical_frame,1,-0.010668845866,0.050414450147,0.996000047307,0.545480200115,-0.601969558320,0.299313967913,0.500494905819,0.962172648,0.962172648,0.962172648,0.853468255,0.853468255,0.853468255,0,0.0,,0,ROTATION,RY,,,,UNDECIDED,0.000000000000,0.000000000000,undefined,undefined,0,0
1.166684866,camera_color_optical_frame,1,-0.010668845866,0.050414450147,0.996000047307,0.545480200115,-0.601969558320,0.299313967913,0.500494905819,0.894835681,0.894835681,0.894835681,0.855273598,0.855273598,0.855273598,0,0.0,,5,ROTATION,RY,,,,UNDECIDED,0.072845368006,0.037978797944,1.918053544358,0.521361879047,0,0
1.333555937,camera_color_optical_frame,1,-0.010668845866,0.050414450147,0.996000047307,0.545480200115,-0.601969558320,0.299313967913,0.500494905819,0.974836906,0.974836906,0.974836906,0.853956426,0.853956426,0.853956426,0,0.0,,10,ROTATION,RY,,,,UNDECIDED,0.101147667725,0.041019921729,2.465818155212,0.405544909257,0,0
1.500483036,camera_color_optical_frame,1,-0.010668845866,0.050414450147,0.996000047307,0.545480200115,-0.601969558320,0.299313967913,0.500494905819,0.996254682,0.996254682,0.996254682,0.854205256,0.854205256,0.854205256,0,0.0,,15,ROTATION,RY,,,,UNDECIDED,0.101157385978,0.069873445237,1.447722888635,0.690739925334,1,0
1.667420149,camera_color_optical_frame,1,-0.010523801134,0.047202546645,0.991000047070,0.545480200115,-0.601969558320,0.299313967913,0.500494905819,0.954633205,0.954633205,0.954633205,0.853991322,0.853991322,0.853991322,0,0.0,,20,ROTATION,RY,,,,POSITION,0.138062720812,0.060459572022,2.283554385084,0.437913809512,1,0
1.834367514,camera_color_optical_frame,1,-0.010502313026,0.050008291434,0.986000046832,0.545480200115,-0.601969558320,0.299313967913,0.500494905819,1.000000000,1.000000000,1.000000000,0.854277775,0.854277775,0.854277775,0,0.0,,25,ROTATION,RY,,,,POSITION,0.165184681517,0.088127545634,1.874381957748,0.533509189985,1,0
2.001324892,camera_color_optical_frame,1,-0.009021294441,0.049177725822,0.991000047070,0.545480200115,-0.601969558320,0.299313967913,0.500494905819,0.994088670,0.994088670,0.994088670,0.853086681,0.853086681,0.853086681,0,0.0,,30,ROTATION,RY,,,,POSITION,0.196054370066,0.078288017165,2.504270476700,0.399317888904,1,0
2.168292522,camera_color_optical_frame,1,-0.008875769965,0.048244439018,0.985000046785,0.545480200115,-0.601969558320,0.299313967913,0.500494905819,1.000000000,1.000000000,1.000000000,0.853149950,0.853149950,0.853149950,0,0.0,,35,ROTATION,RY,,,,POSITION,0.197634137392,0.101134833746,1.954164851722,0.511727554161,1,0
2.335078478,camera_color_optical_frame,1,-0.009048580280,0.048637401883,0.994000047212,0.545480200115,-0.601969558320,0.299313967913,0.500494905819,1.000000000,1.000000000,1.000000000,0.852680463,0.852680463,0.852680463,0,0.0,,40,ROTATION,RY,,,,POSITION,0.241627609036,0.166395595804,1.452127430831,0.688644797122,1,0
2.501816034,camera_color_optical_frame,1,-0.008875769965,0.048539161167,0.988000046927,0.545480200115,-0.601969558320,0.299313967913,0.500494905819,1.000000000,1.000000000,1.000000000,0.854437766,0.854437766,0.854437766,0,0.0,,45,ROTATION,RY,,,,POSITION,0.248286942080,0.165630822124,1.499038276191,0.667094373695,1,0
2.668551445,camera_color_optical_frame,1,-0.007341882516,0.050160600951,0.989000046975,0.545480200115,-0.601969558320,0.299313967913,0.500494905819,1.000000000,1.000000000,1.000000000,0.854632308,0.854632308,0.854632308,0,0.0,,50,ROTATION,RY,,,,POSITION,0.221996114149,0.154245338662,1.439240343174,0.694810984658,1,0
2.835284710,camera_color_optical_frame,1,-0.007408901063,0.048637401883,0.988000046927,0.545480200115,-0.601969558320,0.299313967913,0.500494905819,1.000000000,1.000000000,1.000000000,0.854427967,0.854427967,0.854427967,0,0.0,,55,ROTATION,RY,,,,POSITION,0.134678911224,0.134325589889,1.002630335257,0.997376565256,1,0
3.002015829,camera_color_optical_frame,1,-0.007341882516,0.048293559376,0.986000046832,0.545480200115,-0.601969558320,0.299313967913,0.500494905819,0.987642586,0.987642586,0.987642586,0.852457344,0.852457344,0.852457344,0,0.0,,60,ROTATION,RY,,,,POSITION,0.073291812075,0.133206835542,0.550210593747,1.817485906969,1,0
3.168744802,camera_color_optical_frame,1,-0.008957627482,0.050059061273,0.993000047165,0.545480200115,-0.601969558320,0.299313967913,0.500494905819,0.993371212,0.993371212,0.993371212,0.854152650,0.854152650,0.854152650,0,0.0,,65,ROTATION,RY,,,,POSITION,0.157702225632,0.132612509577,1.189195696056,0.840904489746,1,0
3.335783243,camera_color_optical_frame,1,-0.007423794073,0.051467524816,0.988000046927,0.545480200115,-0.601969558320,0.299313967913,0.500494905819,1.000000000,1.000000000,1.000000000,0.853570326,0.853570326,0.853570326,0,0.0,,70,ROTATION,RY,,,,POSITION,0.187815622140,0.120882690179,1.553701542064,0.643624256607,1,0
3.502907515,camera_color_optical_frame,1,-0.007386561547,0.050262140630,0.988000046927,0.545480200115,-0.601969558320,0.299313967913,0.500494905819,0.989289192,0.989289192,0.989289192,0.853818551,0.853818551,0.853818551,0,0.0,,75,ROTATION,RY,,,,POSITION,0.184952304728,0.174654298370,1.058962226839,0.944320745968,1,0
3.670041561,camera_color_optical_frame,1,-0.007364222031,0.050693684261,0.993000047165,0.545480200115,-0.601969558320,0.299313967913,0.500494905819,1.000000000,1.000000000,1.000000000,0.854430854,0.854430854,0.854430854,0,0.0,,80,ROTATION,RY,,,,POSITION,0.149636206173,0.190768470370,0.784386465347,1.274881763236,1,0
3.837185383,camera_color_optical_frame,1,-0.008930341643,0.050262140630,0.988000046927,0.545480200115,-0.601969558320,0.299313967913,0.500494905819,0.990243902,0.990243902,0.990243902,0.854720438,0.854720438,0.854720438,0,0.0,,85,ROTATION,RY,,,,POSITION,0.147349966489,0.158256823381,0.931081285096,1.074020083969,1,0
4.004338741,camera_color_optical_frame,1,-0.007308373242,0.048293559376,0.983000046690,0.545480200115,-0.601969558320,0.299313967913,0.500494905819,0.934740883,0.934740883,0.934740883,0.851589229,0.851589229,0.851589229,0,0.0,,90,ROTATION,RY,,,,POSITION,0.183664683901,0.109660515105,1.674847904243,0.597069141303,1,0
4.171501875,camera_color_optical_frame,1,-0.008957627482,0.050262140630,0.989000046975,0.545480200115,-0.601969558320,0.299313967913,0.500494905819,1.000000000,1.000000000,1.000000000,0.854127442,0.854127442,0.854127442,0,0.0,,95,ROTATION,RY,,,,POSITION,0.201732906650,0.087162971817,2.314433554124,0.432071164116,1,0
4.338296413,camera_color_optical_frame,1,-0.008957627482,0.050160600951,0.989000046975,0.545480200115,-0.601969558320,0.299313967913,0.500494905819,0.991428571,0.991428571,0.991428571,0.854905400,0.854905400,0.854905400,0,0.0,,100,ROTATION,RY,,,,POSITION,0.172176376365,0.105901407028,1.625817646783,0.615075129722,1,0
4.504996061,camera_color_optical_frame,1,-0.008957627482,0.050160600951,0.994000047212,0.545480200115,-0.601969558320,0.299313967913,0.500494905819,1.000000000,1.000000000,1.000000000,0.854559228,0.854559228,0.854559228,0,0.0,,105,ROTATION,RY,,,,POSITION,0.164445331704,0.103247223463,1.592733694796,0.627851349706,1,0
4.671691895,camera_color_optical_frame,1,-0.008957627482,0.048391800093,0.993000047165,0.545480200115,-0.601969558320,0.299313967913,0.500494905819,1.000000000,1.000000000,1.000000000,0.854606911,0.854606911,0.854606911,0,0.0,,110,ROTATION,RY,,,,POSITION,0.107961047134,0.104418510067,1.033926332260,0.967186896009,1,0
4.838383913,camera_color_optical_frame,1,-0.009021294441,0.048686522241,0.996000047307,0.545480200115,-0.601969558320,0.299313967913,0.500494905819,1.000000000,1.000000000,1.000000000,0.856190536,0.856190536,0.856190536,0,0.0,,115,ROTATION,RY,,,,POSITION,0.123643963730,0.076296181905,1.620578653381,0.617063539566,1,0
5.005072117,camera_color_optical_frame,1,-0.008975818042,0.047202546645,0.993000047165,0.545480200115,-0.601969558320,0.299313967913,0.500494905819,1.000000000,1.000000000,1.000000000,0.853845125,0.853845125,0.853845125,0,0.0,,120,ROTATION,RY,,,,POSITION,0.098840931950,0.081235317843,1.216723644026,0.821879319030,1,0
5.171756268,camera_color_optical_frame,1,-0.008994008601,0.048686522241,0.991000047070,0.545480200115,-0.601969558320,0.299313967913,0.500494905819,1.000000000,1.000000000,1.000000000,0.853864189,0.853864189,0.853864189,0,0.0,,125,ROTATION,RY,,,,POSITION,0.102951800079,0.084108087686,1.224041622053,0.816965683179,1,0
5.338456154,camera_color_optical_frame,1,-0.008975818042,0.050414450147,0.993000047165,0.545480200115,-0.601969558320,0.299313967913,0.500494905819,0.944756554,0.944756554,0.944756554,0.854602444,0.854602444,0.854602444,0,0.0,,130,ROTATION,RY,,,,POSITION,0.098778203051,0.098030222198,1.007630104642,0.992427673005,1,0
5.505156040,camera_color_optical_frame,1,-0.009712631102,0.048146198302,0.986000046832,0.545480200115,-0.601969558320,0.299313967913,0.500494905819,0.993377483,0.993377483,0.993377483,0.854239325,0.854239325,0.854239325,0,0.0,,135,ROTATION,RY,,,,POSITION,0.164774325124,0.099480570545,1.656346804424,0.603738297637,1,0
5.671852350,camera_color_optical_frame,1,-0.010405616537,0.048097077944,0.983000046690,0.545480200115,-0.601969558320,0.299313967913,0.500494905819,1.000000000,1.000000000,1.000000000,0.854353730,0.854353730,0.854353730,0,0.0,,140,ROTATION,RY,,,,POSITION,0.168708711309,0.090825814052,1.857497376389,0.538358768476,1,0
5.838544607,camera_color_optical_frame,1,-0.009048580280,0.049497008149,0.993000047165,0.545480200115,-0.601969558320,0.299313967913,0.500494905819,0.990808824,0.990808824,0.990808824,0.855233322,0.855233322,0.855233322,0,0.0,,145,ROTATION,RY,,,,POSITION,0.259207923132,0.083225813987,3.114513523079,0.321077430742,1,0
6.005233526,camera_color_optical_frame,1,-0.010566777351,0.048858443494,0.993000047165,0.545480200115,-0.601969558320,0.299313967913,0.500494905819,1.000000000,1.000000000,1.000000000,0.853860205,0.853860205,0.853860205,0,0.0,,150,ROTATION,RY,0,OUTBOUND,-1,POSITION,0.215403520047,0.098149816672,2.194640065065,0.455655583764,1,0
6.171918154,camera_color_optical_frame,1,-0.008975818042,0.050160600951,0.986000046832,0.545480200115,-0.601969558320,0.299313967913,0.500494905819,1.000000000,1.000000000,1.000000000,0.853176509,0.853176509,0.853176509,0,0.0,,155,ROTATION,RY,0,OUTBOUND,-1,POSITION,0.252777229097,0.117027350571,2.159984207649,0.462966347837,1,0
6.338618279,camera_color_optical_frame,1,-0.010470080863,0.048833883315,0.985000046785,0.545480200115,-0.601969558320,0.299313967913,0.500494905819,0.981660232,0.981660232,0.981660232,0.854700353,0.854700353,0.854700353,0,0.0,,160,ROTATION,RY,0,OUTBOUND,-1,POSITION,0.156118491603,0.159026949784,0.981710910100,1.018629812210,1,0
6.505318403,camera_color_optical_frame,1,-0.009030389720,0.050414450147,0.994000047212,0.545480200115,-0.601969558320,0.299313967913,0.500494905819,1.000000000,1.000000000,1.000000000,0.853338238,0.853338238,0.853338238,0,0.0,,165,ROTATION,RY,0,OUTBOUND,-1,POSITION,0.239825504206,0.145368323609,1.649778289056,0.606142053532,1,0
6.672014713,camera_color_optical_frame,1,-0.008994008601,0.050262140630,0.986000046832,0.545480200115,-0.601969558320,0.299313967913,0.500494905819,1.000000000,1.000000000,1.000000000,0.854246139,0.854246139,0.854246139,0,0.0,,170,ROTATION,RY,0,OUTBOUND,-1,POSITION,0.248667198316,0.153304194210,1.622050848632,0.616503484366,1,0
6.838706970,camera_color_optical_frame,1,-0.008875769965,0.048686522241,0.983000046690,0.545480200115,-0.601969558320,0.299313967913,0.500494905819,0.969725639,0.969725639,0.969725639,0.853922291,0.853922291,0.853922291,0,0.0,,175,ROTATION,RY,0,OUTBOUND,-1,POSITION,0.253844040445,0.103641784837,2.449244200532,0.408289218275,1,0
7.005395889,camera_color_optical_frame,1,-0.007379115042,0.050008291434,0.986000046832,0.545480200115,-0.601969558320,0.299313967913,0.500494905819,1.000000000,1.000000000,1.000000000,0.855396880,0.855396880,0.855396880,0,0.0,,180,ROTATION,RY,0,OUTBOUND,-1,POSITION,0.188157522305,0.123006524408,1.529654814735,0.653742262873,1,0
7.172080517,camera_color_optical_frame,1,-0.008903055804,0.049703672400,0.983000046690,0.545480200115,-0.601969558320,0.299313967913,0.500494905819,1.000000000,1.000000000,1.000000000,0.853934882,0.853934882,0.853934882,0,0.0,,185,ROTATION,RY,0,OUTBOUND,-1,POSITION,0.119831204949,0.166807728310,0.718379215177,1.392022456765,1,0
7.338780642,camera_color_optical_frame,1,-0.009003103881,0.048932124031,0.986000046832,0.545480200115,-0.601969558320,0.299313967913,0.500494905819,1.000000000,1.000000000,1.000000000,0.853304020,0.853304020,0.853304020,0,0.0,,190,ROTATION,RY,0,OUTBOUND,-1,POSITION,0.116631963062,0.175012465444,0.666420890458,1.500553200415,1,0
7.505480766,camera_color_optical_frame,1,-0.008957627482,0.050033676354,0.985000046785,0.545480200115,-0.601969558320,0.299313967913,0.500494905819,1.000000000,1.000000000,1.000000000,0.852679504,0.852679504,0.852679504,0,0.0,,195,ROTATION,RY,0,OUTBOUND,-1,POSITION,0.096407410766,0.179494047061,0.537106451967,1.861828314179,1,0
7.672177315,camera_color_optical_frame,1,-0.010394872483,0.048146198302,0.980000046548,0.545480200115,-0.601969558320,0.299313967913,0.500494905819,1.000000000,1.000000000,1.000000000,0.851708081,0.851708081,0.851708081,0,0.0,,200,ROTATION,RY,0,OUTBOUND,-1,POSITION,0.130305843357,0.179718938330,0.725053489450,1.379208588814,1,0
7.838869810,camera_color_optical_frame,1,-0.010491568971,0.049754442239,0.978000046453,0.545480200115,-0.601969558320,0.299313967913,0.500494905819,0.982845610,0.982845610,0.982845610,0.850602186,0.850602186,0.850602186,0,0.0,,205,ROTATION,RY,0,OUTBOUND,-1,POSITION,0.125601805446,0.217826835794,0.576613092636,1.734265164581,1,0
8.005558968,camera_color_optical_frame,1,-0.010341152212,0.046253129103,0.969000046025,0.545480200115,-0.601969558320,0.299313967913,0.500494905819,0.961418144,0.961418144,0.961418144,0.851299745,0.851299745,0.851299745,0,0.0,,210,ROTATION,RY,0,OUTBOUND,-1,POSITION,0.228478335685,0.224207353480,1.019049251233,0.981306839478,1,0
8.172243834,camera_color_optical_frame,1,-0.008702959649,0.042791403509,0.964000045788,0.545480200115,-0.601969558320,0.299313967913,0.500494905819,0.856710394,0.856710394,0.856710394,0.850872222,0.850872222,0.850872222,0,0.0,,215,ROTATION,RY,0,OUTBOUND,-1,POSITION,0.236258203722,0.202043070635,1.169345738907,0.855179068712,1,0
8.338943958,camera_color_optical_frame,1,-0.008721150209,0.046395541734,0.966000045883,0.545480200115,-0.601969558320,0.299313967913,0.500494905819,0.996749729,0.996749729,0.996749729,0.851104188,0.851104188,0.851104188,0,0.0,,220,ROTATION,RY,0,OUTBOUND,-1,POSITION,0.244899319341,0.182648215496,1.340825141248,0.745809404401,1,0
8.505644083,camera_color_optical_frame,1,-0.008821198286,0.046015774717,0.964000045788,0.545480200115,-0.601969558320,0.299313967913,0.500494905819,0.954298150,0.954298150,0.954298150,0.849378967,0.849378967,0.849378967,0,0.0,,225,ROTATION,RY,0,OUTBOUND,-1,POSITION,0.155963582849,0.206183679996,0.756430299684,1.321998868129,1,0
8.672340393,camera_color_optical_frame,1,-0.008675673810,0.047458513289,0.963000045740,0.545480200115,-0.601969558320,0.299313967913,0.500494905819,0.986257928,0.986257928,0.986257928,0.849502037,0.849502037,0.849502037,0,0.0,,230,ROTATION,RY,0,OUTBOUND,-1,POSITION,0.098482584577,0.179928093276,0.547344123889,1.827004175900,1,0
8.839032888,camera_color_optical_frame,1,-0.008675673810,0.047458513289,0.963000045740,0.547640044012,-0.595069630367,0.294087130350,0.509406789287,0.969262295,0.969262295,0.969262295,0.852655234,0.852655234,0.852655234,0,0.0,,235,ROTATION,RY,0,OUTBOUND,-1,ORIENTATION,0.080693546655,0.175606732490,0.459512830236,2.176217798940,1,0
9.005722046,camera_color_optical_frame,1,-0.008675673810,0.047458513289,0.963000045740,0.550010388117,-0.596016390876,0.294120071221,0.505713771293,0.967839196,0.967839196,0.967839196,0.852801481,0.852801481,0.852801481,0,0.0,,240,ROTATION,RY,0,OUTBOUND,-1,ORIENTATION,0.069640421936,0.105475792306,0.660250285050,1.514577157547,1,0
9.172406912,camera_color_optical_frame,1,-0.008675673810,0.047458513289,0.963000045740,0.548664949319,-0.606487889123,0.295422593635,0.493826593964,1.000000000,1.000000000,1.000000000,0.848838030,0.848838030,0.848838030,0,0.0,,245,ROTATION,RY,0,OUTBOUND,-1,ORIENTATION,0.108021672575,0.159084077270,0.679022529648,1.472705184787,1,0
9.339106321,camera_color_optical_frame,1,-0.008675673810,0.047458513289,0.963000045740,0.544717929718,-0.611199671430,0.300847694608,0.489088952377,1.000000000,1.000000000,1.000000000,0.851519339,0.851519339,0.851519339,0,0.0,,250,ROTATION,RY,0,OUTBOUND,-1,ORIENTATION,0.120289538119,0.145807483029,0.824988783978,1.212137691348,1,0
9.505805492,camera_color_optical_frame,1,-0.008675673810,0.047458513289,0.963000045740,0.545521205638,-0.613485704587,0.301393889059,0.484977966617,0.996798292,0.996798292,0.996798292,0.852460355,0.852460355,0.852460355,0,0.0,,255,ROTATION,RY,0,OUTBOUND,-1,ORIENTATION,0.124185580086,0.146389778083,0.848321390417,1.178798520580,1,0
9.672501087,camera_color_optical_frame,1,-0.008675673810,0.047458513289,0.963000045740,0.545022285576,-0.612520701704,0.302893706614,0.485823528355,0.969040248,0.969040248,0.969040248,0.852947801,0.852947801,0.852947801,0,0.0,,260,ROTATION,RY,0,OUTBOUND,-1,ORIENTATION,0.099881912877,0.082587882488,1.209401547401,0.826855234433,1,0
9.839192629,camera_color_optical_frame,1,-0.008675673810,0.047458513289,0.963000045740,0.542820253790,-0.606711317221,0.304823122260,0.494297899821,0.968487395,0.968487395,0.968487395,0.852024438,0.852024438,0.852024438,0,0.0,,265,ROTATION,RY,0,OUTBOUND,-1,ORIENTATION,0.084658826945,0.090826114698,0.932097857828,1.072848726774,1,0
10.005880594,camera_color_optical_frame,1,-0.008675673810,0.047458513289,0.963000045740,0.543680706813,-0.609412979754,0.303095436290,0.491080711948,0.962922574,0.962922574,0.962922574,0.851716215,0.851716215,0.851716215,0,0.0,,270,ROTATION,RY,0,OUTBOUND,-1,ORIENTATION,0.079067791622,0.090279846018,0.875807781130,1.141803054901,1,0
10.172564507,camera_color_optical_frame,1,-0.008675673810,0.047458513289,0.963000045740,0.546492799386,-0.609841671029,0.299561982738,0.489593070819,0.978586724,0.978586724,0.978586724,0.851194489,0.851194489,0.851194489,0,0.0,,275,ROTATION,RY,0,OUTBOUND,-1,ORIENTATION,0.082157697008,0.096117735721,0.854761053114,1.169917600195,1,0
10.339321375,camera_color_optical_frame,1,-0.008675673810,0.047458513289,0.963000045740,0.546787678160,-0.607692056546,0.299580193995,0.491920020724,0.996805112,0.996805112,0.996805112,0.852265142,0.852265142,0.852265142,0,0.0,,280,ROTATION,RY,0,OUTBOUND,-1,ORIENTATION,0.056159917577,0.056287403223,0.997735094555,1.002270046887,1,0
10.506096601,camera_color_optical_frame,1,-0.008675673810,0.047458513289,0.963000045740,0.550009435219,-0.601936749885,0.295051821780,0.498102592618,0.975814932,0.975814932,0.975814932,0.852946969,0.852946969,0.852946969,0,0.0,,285,ROTATION,RY,0,OUTBOUND,-1,ORIENTATION,0.092494921728,0.088810677980,1.041484243014,0.960168151086,1,0
10.672873259,camera_color_optical_frame,1,-0.008675673810,0.047458513289,0.963000045740,0.550620474420,-0.600652688854,0.293150202014,0.500096390290,0.996881497,0.996881497,0.996881497,0.852054573,0.852054573,0.852054573,0,0.0,,290,ROTATION,RY,0,OUTBOUND,-1,ORIENTATION,0.106008311268,0.084370279516,1.256465095014,0.795883629373,1,0
10.839650631,camera_color_optical_frame,1,-0.008675673810,0.047458513289,0.963000045740,0.550267579278,-0.607467605391,0.295708750955,0.490657756694,1.000000000,1.000000000,1.000000000,0.853794767,0.853794767,0.853794767,0,0.0,,295,ROTATION,RY,0,OUTBOUND,-1,ORIENTATION,0.116972681356,0.121764902922,0.960643654694,1.040968724577,1,0
11.006428719,camera_color_optical_frame,1,-0.008675673810,0.047458513289,0.963000045740,0.548836092773,-0.611560746820,0.300063888974,0.484493610642,0.848825332,0.848825332,0.848825332,0.853343274,0.853343274,0.853343274,0,0.0,,300,ROTATION,RY,0,RETURN,-1,ORIENTATION,0.149642024223,0.115247747257,1.298437737696,0.770156297039,1,0
11.173207760,camera_color_optical_frame,1,-0.008675673810,0.047458513289,0.963000045740,0.549118952958,-0.606395344621,0.296457540667,0.492814354606,0.995666306,0.995666306,0.995666306,0.851716368,0.851716368,0.851716368,0,0.0,,305,ROTATION,RY,0,RETURN,-1,ORIENTATION,0.184845639031,0.138139437607,1.338109103614,0.747323216993,1,0
11.339936972,camera_color_optical_frame,1,-0.008675673810,0.047458513289,0.963000045740,0.548109557697,-0.602943352256,0.301757186806,0.494952348153,0.974440895,0.974440895,0.974440895,0.852933015,0.852933015,0.852933015,0,0.0,,310,ROTATION,RY,0,RETURN,-1,ORIENTATION,0.181998638846,0.115949153021,1.569641813714,0.637088023053,1,0
11.506650925,camera_color_optical_frame,1,-0.008675673810,0.047458513289,0.963000045740,0.548687714461,-0.604967013379,0.298343319073,0.493910891444,0.996878252,0.996878252,0.996878252,0.852543369,0.852543369,0.852543369,0,0.0,,315,ROTATION,RY,0,RETURN,-1,ORIENTATION,0.144146201577,0.100121549734,1.439712049600,0.694583337187,1,0
11.673361301,camera_color_optical_frame,1,-0.008675673810,0.047458513289,0.963000045740,0.543151117760,-0.604230547940,0.310246561344,0.493598398889,0.945205479,0.945205479,0.945205479,0.852447249,0.852447249,0.852447249,0,0.0,,320,ROTATION,RY,0,RETURN,-1,ORIENTATION,0.080935157736,0.117295789998,0.690009059463,1.449256334080,1,0
11.840068817,camera_color_optical_frame,1,-0.008675673810,0.047458513289,0.963000045740,0.541167617300,-0.584335279348,0.318044529947,0.514332157526,0.920570265,0.920570265,0.920570265,0.850075991,0.850075991,0.850075991,0,0.0,,325,ROTATION,RY,0,RETURN,-1,ORIENTATION,0.102782544616,0.251135546995,0.409271191775,2.443367674285,1,0
12.006773233,camera_color_optical_frame,1,-0.008675673810,0.047458513289,0.963000045740,0.532733568999,-0.571513737870,0.333873694814,0.527347464011,1.000000000,1.000000000,1.000000000,0.849692444,0.849692444,0.849692444,0,0.0,,330,ROTATION,RY,0,RETURN,-1,ORIENTATION,0.127543094183,0.316739610024,0.402674910704,2.483392864608,1,0
12.173474073,camera_color_optical_frame,1,-0.008675673810,0.047458513289,0.963000045740,0.517371524164,-0.557721359900,0.359700481730,0.540267668974,1.000000000,1.000000000,1.000000000,0.851234177,0.851234177,0.851234177,0,0.0,,335,ROTATION,RY,0,RETURN,-1,ORIENTATION,0.119738380427,0.404699129028,0.295870121377,3.379861391027,1,0
12.340186834,camera_color_optical_frame,1,-0.008675673810,0.047458513289,0.963000045740,0.517530872971,-0.558058235244,0.364659613828,0.536429089107,1.000000000,1.000000000,1.000000000,0.850231280,0.850231280,0.850231280,0,0.0,,340,ROTATION,RY,0,RETURN,-1,ORIENTATION,0.104865754347,0.337806323492,0.310431590690,3.221321637326,1,0
12.506899595,camera_color_optical_frame,1,-0.008675673810,0.047458513289,0.963000045740,0.515124041959,-0.550677359759,0.368708895612,0.543558108340,1.000000000,1.000000000,1.000000000,0.853212667,0.853212667,0.853212667,0,0.0,,345,ROTATION,RY,0,RETURN,-1,ORIENTATION,0.084303255570,0.288611721435,0.292099209107,3.423494377325,1,0
12.673609257,camera_color_optical_frame,1,-0.008675673810,0.047458513289,0.963000045740,0.508197219558,-0.553245940071,0.374002593536,0.543853450717,1.000000000,1.000000000,1.000000000,0.850569428,0.850569428,0.850569428,0,0.0,,350,ROTATION,RY,0,RETURN,-1,ORIENTATION,0.108620827129,0.120704876667,0.899887644384,1.111249839067,1,0
12.840315104,camera_color_optical_frame,1,-0.008675673810,0.047458513289,0.963000045740,0.503535767702,-0.554978566098,0.379847253216,0.542371262182,0.992667278,0.992667278,0.992667278,0.851560872,0.851560872,0.851560872,0,0.0,,355,ROTATION,RY,0,RETURN,-1,ORIENTATION,0.111362394024,0.125823407127,0.885068975376,1.129855443838,1,0
13.007018328,camera_color_optical_frame,1,-0.008675673810,0.047458513289,0.963000045740,0.502698201395,-0.555455206428,0.382720614439,0.540637552571,1.000000000,1.000000000,1.000000000,0.852451502,0.852451502,0.852451502,0,0.0,,360,ROTATION,RY,0,RETURN,-1,ORIENTATION,0.137118127680,0.095406920602,1.437192677576,0.695800928854,1,0
13.173717976,camera_color_optical_frame,1,-0.007179816254,0.046819948634,0.958000045502,0.502698201395,-0.555455206428,0.382720614439,0.540637552571,1.000000000,1.000000000,1.000000000,0.852225012,0.852225012,0.852225012,0,0.0,,365,ROTATION,RY,0,RETURN,-1,POSITION,0.154128417456,0.067732981994,2.275529777625,0.439458103266,1,0
13.340743303,camera_color_optical_frame,1,-0.007133434408,0.047262031857,0.963000045740,0.502698201395,-0.555455206428,0.382720614439,0.540637552571,0.932219127,0.932219127,0.932219127,0.851810826,0.851810826,0.851810826,0,0.0,,370,ROTATION,RY,0,RETURN,-1,POSITION,0.176503316464,0.061958288091,2.848744242356,0.351031863490,1,0
13.507858515,camera_color_optical_frame,1,-0.007139232139,0.046918189350,0.960000045597,0.502698201395,-0.555455206428,0.382720614439,0.540637552571,1.000000000,1.000000000,1.000000000,0.851515682,0.851515682,0.851515682,0,0.0,,375,ROTATION,RY,0,RETURN,-1,POSITION,0.157430886931,0.093064229278,1.691636928083,0.591143396907,1,0
13.674982786,camera_color_optical_frame,1,-0.008742692357,0.047065550425,0.964000045787,0.502698201395,-0.555455206428,0.382720614439,0.540637552571,1.000000000,1.000000000,1.000000000,0.852264399,0.852264399,0.852264399,0,0.0,,380,ROTATION,RY,0,RETURN,-1,POSITION,0.145476671463,0.136620274204,1.064824912051,0.939121529448,1,0
13.842116117,camera_color_optical_frame,1,-0.008757585368,0.046189163416,0.963000045740,0.502698201395,-0.555455206428,0.382720614439,0.540637552571,0.981078524,0.981078524,0.981078524,0.852703319,0.852703319,0.852703319,0,0.0,,385,ROTATION,RY,0,RETURN,-1,POSITION,0.108589759561,0.135442033928,0.801743420502,1.247281829109,1,0
14.009258747,camera_color_optical_frame,1,-0.008757585368,0.047262031857,0.961000045645,0.502698201395,-0.555455206428,0.382720614439,0.540637552571,0.987619048,0.987619048,0.987619048,0.851395575,0.851395575,0.851395575,0,0.0,,390,ROTATION,RY,0,RETURN,-1,POSITION,0.101019056884,0.120954048885,0.835185409792,1.197338924118,1,0
14.176410913,camera_color_optical_frame,1,-0.008779924883,0.045477100259,0.961000045645,0.502698201395,-0.555455206428,0.382720614439,0.540637552571,1.000000000,1.000000000,1.000000000,0.853095655,0.853095655,0.853095655,0,0.0,,395,ROTATION,RY,0,RETURN,-1,POSITION,0.063579251397,0.072302477829,0.879350933821,1.137202408662,1,0
14.343353987,camera_color_optical_frame,1,-0.008765031873,0.045904338153,0.967000045930,0.502698201395,-0.555455206428,0.382720614439,0.540637552571,0.949720670,0.949720670,0.949720670,0.853357154,0.853357154,0.853357154,0,0.0,,400,ROTATION,RY,0,RETURN,-1,POSITION,0.133447044741,0.104486954554,1.277164649981,0.782984402218,1,0
14.510253906,camera_color_optical_frame,1,-0.008846943431,0.045666983768,0.969000046025,0.502698201395,-0.555455206428,0.382720614439,0.540637552571,1.000000000,1.000000000,1.000000000,0.853773333,0.853773333,0.853773333,0,0.0,,405,ROTATION,RY,0,RETURN,-1,POSITION,0.131806349302,0.097375186684,1.353592776455,0.738774628082,1,0
14.677163124,camera_color_optical_frame,1,-0.008805987652,0.047949716870,0.977000046404,0.502698201395,-0.555455206428,0.382720614439,0.540637552571,1.000000000,1.000000000,1.000000000,0.853229689,0.853229689,0.853229689,0,0.0,,410,ROTATION,RY,0,RETURN,-1,POSITION,0.209244697216,0.099838784470,2.095825768774,0.477138899091,1,0
14.844081163,camera_color_optical_frame,1,-0.008891622462,0.047900596512,0.983000046689,0.502698201395,-0.555455206428,0.382720614439,0.540637552571,1.000000000,1.000000000,1.000000000,0.853867037,0.853867037,0.853867037,0,0.0,,415,ROTATION,RY,0,RETURN,-1,POSITION,0.209079267640,0.106244725116,1.967902570342,0.508155238512,1,0
15.011008024,camera_color_optical_frame,1,-0.007301568600,0.046284105170,0.977000046404,0.502698201395,-0.555455206428,0.382720614439,0.540637552571,0.957073171,0.957073171,0.957073171,0.853539504,0.853539504,0.853539504,0,0.0,,420,ROTATION,RY,0,RETURN,-1,POSITION,0.241961668343,0.109344082403,2.212846484471,0.451906631128,1,0
15.177944183,camera_color_optical_frame,1,-0.007226198100,0.049364778336,0.974000046262,0.502698201395,-0.555455206428,0.382720614439,0.540637552571,0.935885167,0.935885167,0.935885167,0.852392617,0.852392617,0.852392617,0,0.0,,425,ROTATION,RY,0,RETURN,-1,POSITION,0.195598872423,0.108079718688,1.809764818014,0.552557984356,1,0
15.344704628,camera_color_optical_frame,1,-0.008928854988,0.047802355795,0.974000046262,0.502698201395,-0.555455206428,0.382720614439,0.540637552571,1.000000000,1.000000000,1.000000000,0.853366017,0.853366017,0.853366017,0,0.0,,430,ROTATION,RY,0,RETURN,-1,POSITION,0.161217557800,0.058417277896,2.759758133347,0.362350594393,1,0
15.511417627,camera_color_optical_frame,1,-0.008928854988,0.046284105170,0.975000046309,0.502698201395,-0.555455206428,0.382720614439,0.540637552571,1.000000000,1.000000000,1.000000000,0.854675271,0.854675271,0.854675271,0,0.0,,435,ROTATION,RY,0,RETURN,-1,POSITION,0.104195044890,0.069279570354,1.503979374554,0.664902735316,1,0
15.678127766,camera_color_optical_frame,1,-0.008832050420,0.047802355795,0.974000046262,0.502698201395,-0.555455206428,0.382720614439,0.540637552571,0.980000000,0.980000000,0.980000000,0.853919305,0.853919305,0.853919305,0,0.0,,440,ROTATION,RY,0,RETURN,-1,POSITION,0.069165731133,0.071991468711,0.960748993898,1.040854589857,1,0
15.844834328,camera_color_optical_frame,1,-0.010540450999,0.048146198302,0.982000046642,0.502698201395,-0.555455206428,0.382720614439,0.540637552571,1.000000000,1.000000000,1.000000000,0.852516026,0.852516026,0.852516026,0,0.0,,445,ROTATION,RY,0,RETURN,-1,POSITION,0.171646622479,0.072533595179,2.366443053809,0.422575137986,1,0
16.011537552,camera_color_optical_frame,1,-0.008839496925,0.047350966443,0.977000046404,0.502698201395,-0.555455206428,0.382720614439,0.540637552571,1.000000000,1.000000000,1.000000000,0.853304970,0.853304970,0.853304970,0,0.0,,450,ROTATION,RY,0,NEUTRAL,-1,POSITION,0.198873792460,0.096585821449,2.059037128595,0.485663898971,1,0
16.178237915,camera_color_optical_frame,1,-0.008802264399,0.047630434542,0.974000046262,0.502698201395,-0.555455206428,0.382720614439,0.540637552571,1.000000000,1.000000000,1.000000000,0.853129497,0.853129497,0.853129497,0,0.0,,455,ROTATION,RY,0,NEUTRAL,-1,POSITION,0.204589341531,0.123857678439,1.651809916918,0.605396534891,1,0
16.345256567,camera_color_optical_frame,1,-0.007260984485,0.046473988678,0.983000046689,0.502698201395,-0.555455206428,0.382720614439,0.540637552571,0.933461909,0.933461909,0.933461909,0.852787843,0.852787843,0.852787843,0,0.0,,460,ROTATION,RY,0,NEUTRAL,-1,POSITION,0.221194980846,0.153190540686,1.443920622351,0.692558846048,1,0
16.512362719,camera_color_optical_frame,1,-0.008869282946,0.047900596512,0.974000046262,0.502698201395,-0.555455206428,0.382720614439,0.540637552571,0.999035680,0.999035680,0.999035680,0.853714095,0.853714095,0.853714095,0,0.0,,465,ROTATION,RY,0,NEUTRAL,-1,POSITION,0.267891208937,0.193589918845,1.383807641098,0.722643791160,1,0
16.679478407,camera_color_optical_frame,1,-0.007179816254,0.049110929141,0.969000046025,0.502698201395,-0.555455206428,0.382720614439,0.540637552571,0.976459510,0.976459510,0.976459510,0.853838795,0.853838795,0.853838795,0,0.0,,470,ROTATION,RY,0,NEUTRAL,-1,POSITION,0.282597922979,0.181012485591,1.561206797727,0.640530134417,1,0
16.846602201,camera_color_optical_frame,1,-0.008802264399,0.047753235437,0.975000046309,0.502698201395,-0.555455206428,0.382720614439,0.540637552571,1.000000000,1.000000000,1.000000000,0.853685049,0.853685049,0.853685049,0,0.0,,475,ROTATION,RY,0,NEUTRAL,-1,POSITION,0.249332485063,0.160563599801,1.552858090946,0.643973847856,1,0
